{"loss": [0.48204368352890015, 0.2241743952035904], "acc": [0.22019802033901215, 0.218613862991333], "val_loss": [586.8440551757812, 21514.197265625], "val_acc": [0.1428571492433548, 0.3333333432674408], "lr": [