{"loss":{"0":0.0613938794,"1":0.0419488735,"2":0.0416434668,"3":0.0404867232,"4":0.0397956334,"5":0.0397775061,"6":0.0391163453,"7":0.0392637476,"8":0.0380688123,"9":0.0371722206,"10":0.0369789302,"11":0.0364500247,"12":0.0363910645,"13":0.0364147089,"14":0.0362540148,"15":0.0357940644,"16":0.0351822786,"17":0.0348719843,"18":0.0356856547,"19":0.0342288166,"20":0.0343195274,"21":0.0340746529,"22":0.03302164,"23":0.0331676155,"24":0.0325710364,"25":0.032701008,"26":0.0317652076,"27":0.0316528417,"28":0.0311304908,"29":0.0297897067,"30":0.0294526592,"31":0.0284801703,"32":0.0284520071,"33":0.0281050783,"34":0.0265104193,"35":0.0268372968,"36":0.026114393,"37":0.0258840155,"38":0.0258741081,"39":0.024710726},"acc":{"0":0.0502735972,"1":0.0277872775,"2":0.0277872775,"3":0.0277872775,"4":0.0277872775,"5":0.0296682622,"6":0.0277872775,"7":0.032774739,"8":0.027830027,"9":0.2423478067,"10":0.362588346,"11":0.362175107,"12":0.3774367273,"13":0.373817265,"14":0.3679178059,"15":0.360992372,"16":0.3601943552,"17":0.3762397468,"18":0.356574893,"19":0.2630243897,"20":0.2719875872,"21":0.2941319048,"22":0.321562916,"23":0.3011713326,"24":0.3251253963,"25":0.3523569405,"26":0.3653385639,"27":0.3793034554,"28":0.4009917974,"29":0.425116837,"30":0.4473751783,"31":0.464988023,"32":0.4712864757,"33":0.4753476977,"34":0.4965087771,"35":0.4982615113,"36":0.5110721588,"37":0.5131099224,"38":0.5173420906,"39":0.5281435251},"val_loss":{"0":1.0713107586,"1":1.0832395554,"2":1.0909125805,"3":1.0940341949,"4":1.055983305,"5":1.0346243382,"6":1.6802339554,"7":1.1082054377,"8":1.0367047787,"9":1.1655654907,"10":1.0092555285,"11":1.0674481392,"12":1.1980762482,"13":1.0242331028,"14":1.1684112549,"15":0.9155510068,"16":0.9565500021,"17":1.0496455431,"18":1.0460909605,"19":0.8783808947,"20":0.8904789686,"21":0.8764641881,"22":1.0137599707,"23":0.8682931066,"24":0.9191182256,"25":0.9264643192,"26":0.8828319311,"27":0.9198265672,"28":0.873539567,"29":0.924046576,"30":0.9226564169,"31":0.8807188272,"32":0.8857447505,"33":0.9763720036,"34":1.0136502981,"35":1.0318259001,"36":1.0420634747,"37":1.1323046684,"38":1.0451648235,"39":1.1220715046},"val_acc":{"0":0.3333333433,"1":0.3333333433,"2":0.3333333433,"3":0.3333333433,"4":0.3333333433,"5":0.3333333433,"6":0.3333333433,"7":0.3333333433,"8":0.3333333433,"9":0.534722209,"10":0.5402777791,"11":0.5305555463,"12":0.5208333135,"13":0.5013889074,"14":0.5194444656,"15":0.5333333611,"16":0.5041666627,"17":0.5305555463,"18":0.5166666508,"19":0.5430555344,"20":0.5541666746,"21":0.5597222447,"22":0.5500000119,"23":0.5597222447,"24":0.5944444537,"25":0.5638889074,"26":0.618055582,"27":0.6000000238,"28":0.6083333492,"29":0.6111111045,"30":0.6055555344,"31":0.6222222447,"32":0.618055582,"33":0.5958333611,"34":0.6125000119,"35":0.6138888597,"36":0.6125000119,"37":0.6027777791,"38":0.618055582,"39":0.6166666746},"lr":{"0":0.001,"1":0.001,"2":0.001,"3":0.001,"4":0.001,"5":0.001,"6":0.001,"7":0.001,"8":0.001,"9":0.001,"10":0.001,"11":0.001,"12":0.001,"13":0.001,"14":0.001,"15":0.001,"16":0.001,"17":0.001,"18":0.001,"19":0.001,"20":0.001,"21":0.001,"22":0.001,"23":0.001,"24":0.001,"25":0.001,"26":0.001,"27":0.001,"28":0.001,"29":0.0005,"30":0.0005,"31":0.0005,"32":0.0005,"33":0.0005,"34":0.00025,"35":0.00025,"36":0.00025,"37":0.00025,"38":0.00025,"39":0.000125}}